{
  "headers": ["#","FIRST NAME", "LAST NAME", "CERTIFICATE NUMBER", "AGE", "LOCATION","EFFECTIVE DATE","STATUS"],
  "data": [
    {
      "id":1,
      "name": "Justin",
      "lastName": "Gohier",
      "policyNumber":362421,
      "age": 30,
      "city": "Toronto",
      "effectiveDate":"2020-01-01",
      "status":"1"
    },
    {
      "id":2,
      "name": "Alice",
      "lastName": "David",
      "policyNumber":909892,
      "age": 25,
      "city": "Manitoba",
      "effectiveDate":"2018-09-01",
      "status":"2"
    },
    {
      "id":3,
      "name": "Bob",
      "lastName": "Willison",
      "policyNumber":409873,
      "age": 35,
      "city": "Ottawa",
      "effectiveDate":"2009-01-12",
      "status":"3"
    },
    {
      "id":4,
      "name": "Eva",
      "lastName": "Radrioc",
      "policyNumber":403434,
      "age": 28,
      "city": "Quebec",
      "effectiveDate":"2019-01-01",
      "status":"1"
    },
    {
      "id":5,
      "name": "Matthew",
      "lastName": "Rayn",
      "policyNumber":345325,
      "age": 30,
      "city": "Nova Scotia",
      "effectiveDate":"2019-01-01",
      "status":"2"
    },
    {
      "id":6,
      "name": "Per",
      "lastName": "Diam",
      "policyNumber":342579,
      "age": 30,
      "city": "Toronto",
      "effectiveDate":"2019-01-01",
      "status":"1"
    },
    {
      "id":7,
      "name": "Alice",
      "lastName": "Thomas",
      "policyNumber":909897,
      "age": 25,
      "city": "Manitoba",
      "effectiveDate":"2019-01-01",
      "status":"2"
    },
    {
      "id":8,
      "name": "Keith",
      "lastName": "Marks",
      "policyNumber":409878,
      "age": 35,
      "city": "Chicago",
      "effectiveDate":"2019-01-01",
      "status":"3"
    },
    {
      "id":9,
      "name": "Kenya",
      "lastName": "John-Moguem",
      "policyNumber":403439,
      "age": 28,
      "city": "Ottawa",
      "effectiveDate":"2019-01-01",
      "status":"1"
    },
    {
      "id":10,
      "name": "Sophie",
      "lastName": "Fotso",
      "policyNumber":345320,
      "age": 30,
      "city": "Nova Scotia",
      "effectiveDate":"2019-01-01",
      "status":"2"
    }
   
  ]
}
  