[
    {
        "id": "1",
        "tableId":"1",
        "name": "BillingId",
        "label": "Billing Id",
        "value":"BillingId",
        "relationShip": ""
    },
    {
        "id": "2",
        "tableId":"1",
        "name": "ClientId",
        "label": "Client Id",
        "value":"ClientId"
    },
    {
        "id": "3",
        "tableId":"1",
        "name": "ClientName",
        "label": "Client Name",
        "value":"ClientName"
    },
    {
        "id": "4",
        "tableId":"2",
        "name": "ClientId",
        "label": "Client Id",
        "value":"ClientId"
    },
    {
        "id": "5",
        "tableId":"2",
        "name": "ClientBeneNm",
        "label": "Client Benefit Name",
        "value":"ClientBeneNm"
    }
   
]