[
    {
        "id": "1",
        "databaseId": "1",
        "tableName": "[dbo].[BillClient]",
        "displayName":"Client",
        "tableAlias":"BC"
    },
    {
        "id": "2",
        "databaseId": "1",
        "tableName": "[dbo].[BillClientBene]",
        "displayName":"Client Benefit",
        "tableAlias":"BCB"
    },
    {
        "id": "3",
        "databaseId": "2",
        "tableName": "tbl_benefit",
        "displayName":"Benefit",
        "tableAlias":"BENE"
    },
    {
        "id": "4",
        "databaseId": "2",
        "tableName": "tbl_plans",
        "displayName":"Plans",
        "tableAlias":"PLN"
    }
]